Grade,Teacher ID,Studio ID,Class Completion
4,E,18445469 (n=29),75.47892720306514
5,E,18612166 (n=29),87.73946360153256
5,H,19412343 (n=28),75.0
6,F,18635472 (n=22),42.42424242424242
6,F,19400367 (n=23),56.03864734299517
6,F,19413069 (n=32),61.458333333333336
6,F,19427383 (n=20),33.333333333333336
6,H,19418070 (n=30),86.29629629629629
7,B,18596059 (n=28),43.25396825396825
7,B,18604870 (n=29),23.754789272030653
7,D,18404783 (n=25),60.0
8,D,18268940 (n=25),80.44444444444444
